user_id;email;name;last_name;user_name;password;active
1;demo1@gmail.com;Jon;Doe 1;demo1@gmail.com;$2a$10$GiePw/jU9C9oDET0uN7K4e/KPoqwW8JPzG/jrNSdzM6U4cS49k8nO;1
2;demo2@gmail.com;Jon;Doe 2;demo2@gmail.com;$2a$10$GiePw/jU9C9oDET0uN7K4e/KPoqwW8JPzG/jrNSdzM6U4cS49k8nO;1
3;demo3@gmail.com;Jon;Doe 3;demo3@gmail.com;$2a$10$GiePw/jU9C9oDET0uN7K4e/KPoqwW8JPzG/jrNSdzM6U4cS49k8nO;1
4;demo4@gmail.com;Jon;Doe 4;demo4@gmail.com;$2a$10$GiePw/jU9C9oDET0uN7K4e/KPoqwW8JPzG/jrNSdzM6U4cS49k8nO;1
5;demo5@gmail.com;Jon;Doe 5;demo5@gmail.com;$2a$10$GiePw/jU9C9oDET0uN7K4e/KPoqwW8JPzG/jrNSdzM6U4cS49k8nO;1
6;demo6@gmail.com;Jon;Doe 6;demo6@gmail.com;$2a$10$GiePw/jU9C9oDET0uN7K4e/KPoqwW8JPzG/jrNSdzM6U4cS49k8nO;1
7;demo7@gmail.com;Jon;Doe 7;demo7@gmail.com;$2a$10$GiePw/jU9C9oDET0uN7K4e/KPoqwW8JPzG/jrNSdzM6U4cS49k8nO;1
8;demo8@gmail.com;Jon;Doe 8;demo8@gmail.com;$2a$10$GiePw/jU9C9oDET0uN7K4e/KPoqwW8JPzG/jrNSdzM6U4cS49k8nO;1
9;demo9@gmail.com;Jon;Doe 9;demo9@gmail.com;$2a$10$GiePw/jU9C9oDET0uN7K4e/KPoqwW8JPzG/jrNSdzM6U4cS49k8nO;1
10;demo10@gmail.com;Jon;Doe 10;demo10@gmail.com;$2a$10$GiePw/jU9C9oDET0uN7K4e/KPoqwW8JPzG/jrNSdzM6U4cS49k8nO;1
